{"cameraMode":{"drawMode":0,"name":"Shaded","section":"Shading Mode"},"sceneLighting":true,"audioPlay":false,"sceneViewState":{"showFog":true,"showMaterialUpdate":false,"showSkybox":true,"showFlares":true,"showImageEffects":true,"showParticleSystems":true},"in2DMode":false,"pivot":{"x":-24.44799041748047,"y":10.805562973022461,"z":1.425949215888977},"rotation":{"x":0.27526432275772097,"y":-0.6958587765693665,"z":0.3343358337879181,"w":0.5729133486747742},"size":0.11988186836242676,"orthographic":false}